id,age,educ,polviews,spanking,gender
2577,43,16, ,3,1
12,43,16,3,4,1
413,43,16,4,1,1
1012,43,16,3, ,1
2804,43,16,6, ,1
218,43,16,4,2,1
572,43,16,3, ,1
2805,43,16,6,4,1
628,43,16,3, ,1
1994,38,16,6, ,1
1254,38,16,3, ,1
2814,38,16,4,2,1
946,38,16,4,2,1
537,38,16,5, ,1
313,38,16,2, ,1
1300,38,16,6,1,1
1297,38,16,2, ,1
2670,38,16,3,2,1
95,38,16,2,4,1
88,38,16,6, ,1
291,36,12, ,1,1
1097,36,12,2,2,1
249,36,12,2, ,1
416,36,12,4, ,1
2082,36,12,4,2,1
1901,36,12,2,2,1
586,36,12,5,3,1
1383,36,12,4, ,1
1193,36,12,4,3,1
2845,36,12,2,2,1
1773,36,12,4,2,1
2485,36,12,6,2,1
1633,36,12,6, ,1
433,36,12,4,2,1
2291,33,12,3,3,1
2730,33,12,4,2,1
2904,33,12,3,3,1
1119,33,12,2,2,1
1350,33,12,5,2,1
2203,33,12,4, ,1
2817,33,12,4, ,1
515,33,12,4, ,1
2166,33,12,4, ,1
1873,33,12,3,3,1
2370,33,12,6,2,1
1439,33,12,5,1,1
1757,33,12,4,2,1
2533,33,12,5,1,1
314,33,12,4,2,1
2324,33,12,6, ,1
2136,33,12,7,1,1
1978,33,12,2,3,1
2298,33,12,4, ,1
2039,26,0, , ,1
825,53,0,6, ,1
1907,60,0,2,2,1
463,62,0,6,2,1
2565,62,3, ,1,0
1349,64,3,7, ,0
2355,38,12,4,2,1
569,38,12,3, ,1
471,38,12,2,1,1
2135,38,12,6,1,1
2880,38,12,5, ,1
1261,38,12,4,2,1
2715,38,12,4, ,1
1144,38,12,4, ,1
1601,38,12,4,2,1
2035,38,12,6,1,1
2320,38,12,6,2,1
704,38,12,4,2,1
2843,38,12,4, ,1
32,74,3, , ,0
99,19,7,4, ,0
900,36,6,4,3,0
2653,68,4,6, ,0
2661,41,3, ,1,1
22,28,4,3,4,1
480,60,5,4, ,0
2689,89,3,4, ,0
1987,32,7, ,2,0
2569,35,7, ,2,0
1121,64,5,2,1,0
2692,24,8, ,2,0
2566,56,3,5,1,1
1428,57,6,4,2,0
1384,72,5,4,1,0
2207,29,8,4,2,0
666,30,5,3,2,1
2108,46,7,6,2,0
2152,50,18,5,4,1
1087,50,18,5, ,1
448,50,18,3,3,1
1139,50,18,2,4,1
2093,50,18,2,2,1
153,50,18,4,1,1
2304,61,6,6,2,0
1704,18,9,3,4,0
2651,33,8,5, ,0
440,35,5,6,4,1
1497,21,9,5,4,0
562,37,5,1, ,1
2335,37,8,4,1,0
1490,23,9,5,3,0
2216,38,8,6, ,0
1164,24,9, ,1,0
2630,53,7,7,1,0
824,68,6,4,1,0
107,40,8,5,2,0
2623,71,3,6,1,1
48,27,9, ,3,0
2272,30,9,3,2,0
344,46,8,1,3,0
1018,76,6,6,2,0
767,19,7,6, ,1
1840,48,8,4, ,0
79,19,10,4, ,0
1733,49,8,1, ,0
960,65,4, , ,1
1756,21,10,3,2,0
1064,22,10,4,1,0
561,23,10, , ,0
1870,38,9,3,4,0
1951,24,10,4, ,0
1127,53,8,2,1,0
1492,27,10,4,2,0
2505,86,3, ,1,1
2551,28,10, ,1,0
47,29,7,2, ,1
403,46,9,2, ,0
934,61,8,4,1,0
1580,47,9,4,2,0
1033,18,11,3,3,0
807,48,9,3,2,0
2785,77,7, ,2,0
1069,49,9,4,1,0
4,50,6, ,2,1
2616,51,9,4,2,0
1233,23,8, ,1,1
1183,66,8,4, ,0
1760,38,10,6,1,0
2561,67,8, , ,0
2012,69,8,5,1,0
37,55,9,4,2,0
2669,84,7,4,2,0
2490,71,5,5,2,1
2801,27,11,4,2,0
2657,28,8,4,1,1
762,42,10,3, ,0
1543,71,8,5, ,0
2572,72,8,6,4,0
2656,29,11,4,1,0
1459,58,9,4,2,0
1159,30,8,4, ,1
552,88,4,3, ,1
2568,74,5, ,2,1
502,75,5, ,2,1
2763,60,9,2,1,0
1005,32,11,4, ,0
1071,61,9,6,3,0
797,33,8,7,1,1
2369,47,10,5, ,0
1559,62,9,6, ,0
2323,77,8,4, ,0
769,49,7,4,1,1
2562,35,8, ,2,1
2852,78,8,5, ,0
1891,21,9, ,1,1
1292,35,11,6, ,0
2177,37,12,5,2,1
103,37,12,5,3,1
2517,37,12,4, ,1
1491,37,12,4,2,1
2383,37,12, ,2,1
1057,37,12,4, ,1
356,37,12,2,1,1
958,37,12,4,2,1
2273,37,12,2,2,1
2198,37,12,6,2,1
2821,37,12,5, ,1
127,37,12,4,3,1
498,64,9,3, ,0
999,22,9,4, ,1
2588,80,5,4,1,1
2728,51,10,5,1,0
1862,23,9,4, ,1
1320,52,7,4,1,1
1553,52,10,1,3,0
2478,81,8,5, ,0
2404,24,9,3,2,1
2297,82,5, ,2,1
763,38,11,4,1,0
2860,67,9,5, ,0
2509,25,9,3,1,1
2425,69,6,2, ,1
357,55,7,6,2,1
2487,40,11,2,3,0
1217,70,6,6,1,1
2570,55,10,5,2,0
1560,70,9,6, ,0
71,42,8, ,2,1
1858,56,10,7,1,0
1230,42,11,3,4,0
534,59,7,4, ,1
1131,73,9, ,2,0
499,74,6,4,2,1
1227,31,9, , ,1
1514,60,7,4,1,1
2080,46,8,2, ,1
1327,18,10,4, ,1
1720,76,6, , ,1
1112,33,9, ,2,1
2513,47,11, ,1,0
2482,76,9,4,1,0
717,34,9,4, ,1
2001,48,11,6,4,0
677,19,13, , ,0
2575,20,10, , ,1
102,21,10,4,3,1
781,64,10,6, ,0
2555,65,7,4, ,1
1554,51,8,4,1,1
2632,66,7,4,1,1
1670,51,11,2, ,0
933,24,10, ,3,1
2856,53,8,4, ,1
1572,68,7,5,2,1
1861,53,11,4,1,0
1661,25,13,7,3,0
2269,69,10,5,2,0
5,56,8,4,2,1
2734,70,10,4,1,0
1171,28,10,4,2,1
106,43,9,4,2,1
2659,58,8, ,1,1
1611,58,11, ,2,0
2592,45,9,3,1,1
2878,74,10,3,2,0
246,75,7,3,1,1
583,32,10,5,2,1
2703,48,9,3,1,1
791,34,10,2,2,1
133,63,8, , ,1
167,20,14,4,2,0
482,78,10,4,2,0
2248,64,11,5,2,0
500,65,8,6, ,1
2489,80,7, ,2,1
2691,65,11,4,1,0
1797,37,10, ,3,1
2276,38,10,4, ,1
387,23,14,4, ,0
636,82,7,6,4,1
302,38,13,4, ,0
1184,68,8,7,1,1
1734,26,8,4,1,0
1489,26,8, , ,0
2543,24,14,2, ,0
964,54,9,4,1,1
2523,68,11,3, ,0
2548,40,10,4,2,1
1948,26,11,2, ,1
1552,83,10,6,2,0
2388,69,11,4,1,0
2662,70,8,4, ,1
622,56,9,2, ,1
1546,70,11,6,3,0
329,86,10,4,2,0
1922,72,11, , ,0
2696,73,8,2,1,1
1663,59,9,4,3,1
2899,31,11,5,1,1
1924,89,10,4,2,0
2246,46,13,4,2,0
296,63,6,3, ,0
1539,63,6,4,1,0
1804,77,8,6, ,1
42,79,8, ,1,1
2521,64,12,6, ,0
1504,36,11,4, ,1
1965,21,15,4, ,0
165,79,11,5,2,0
406,66,9,7,2,1
750,52,10, , ,1
1944,52,13,4,1,0
346,68,9,4,1,1
635,83,8,4,3,1
1819,40,11, ,1,1
2255,84,8,4,4,1
2329,56,10,4,2,1
2416,85,8,6,2,1
2434,27,15,3,2,0
524,57,10,4,1,1
2524,87,8,4,1,1
379,72,12,6,1,0
160,45,11,4,1,1
2520,60,10,4,2,1
454,88,11,6, ,0
2279,89,8,4,1,1
775,46,11,4, ,1
1785,31,15,5,4,0
1913,62,7, , ,0
1790,62,7,5,1,0
278,76,9,2,2,1
1662,62,10,3,2,1
2634,48,11,4,2,1
2241,33,15,4, ,0
1303,77,12, , ,0
709,36,9, , ,0
2903,36,9,4, ,0
1573,50,11,4,2,1
997,40,16,3, ,1
516,40,16,3, ,1
2890,40,16,3, ,1
2092,40,16,4,3,1
1740,40,16,4,1,1
605,40,16,6,3,1
1929,40,16,4,3,1
177,64,13,4, ,0
400,65,10, , ,1
1691,80,9,6,2,1
1699,65,13,4, ,0
2429,66,13,4,1,0
1083,67,10,6, ,1
1019,54,8,6, ,0
2722,54,8,4, ,0
435,39,15,5,2,0
2102,68,13,4, ,0
1989,27,13,3,3,1
1346,84,12,4, ,0
1652,85,9, ,2,1
2690,71,10, ,2,1
1306,42,15,5, ,0
2387,72,10,3,2,1
1196,58,11,4, ,1
1265,87,9,6, ,1
1136,58,14,3,1,0
392,87,12,4, ,0
2215,88,9,7,4,1
1860,44,15,6,1,0
1680,74,10,4,1,1
773,59,14,3,2,0
1437,60,11,5,2,1
427,88,12,4, ,0
1022,89,9,3,2,1
697,62,8,5,3,0
559,62,8, ,1,0
2486,46,15,4, ,0
2708,62,11,5,1,1
2775,77,10,4, ,1
2549,21,11,3,1,0
2285,21,11,1,1,0
1942,35,13,6,1,1
2458,21,14,6, ,1
2695,37,10,7,2,0
1655,37,10,3, ,0
2002,50,15,2,1,0
686,79,13,4,2,0
659,65,14,7,1,0
73,81,10,4, ,1
2099,24,11, ,2,0
2559,24,11,2, ,0
1623,66,14,7,1,0
1750,39,10,5,1,0
1871,39,10,4,3,0
1212,68,8,4,1,0
1310,68,8,4,2,0
404,68,11,3, ,1
2365,41,10,6, ,0
1027,41,10,6, ,0
2687,69,14,4,2,0
2214,55,15,2, ,0
2506,72,5, , ,1
1724,72,5,2,1,1
2503,57,9,5,2,0
2300,57,9,6,2,0
474,85,13,4, ,0
2302,86,10,5,1,1
1690,86,13,7, ,0
2312,72,14,4,2,0
2137,58,15,6, ,0
60,31,11,6, ,0
1461,31,11,4,3,0
2147,45,13,4,2,1
2603,73,14,4,3,0
462,59,15,6,2,0
1548,89,13,2,3,0
2138,75,14,6,1,0
2436,61,15,4, ,0
208,34,11,7, ,0
2707,34,11,4,1,0
1738,63,9,4,1,0
2664,63,9,5,1,0
1716,77,14,6,2,0
2038,78,11,3,2,1
2357,21,15,5, ,1
555,79,11,6,2,1
2107,64,15,3,1,0
2508,80,8,6, ,0
1115,80,8,4, ,0
2409,79,14,6,1,0
2774,51,16,5, ,0
452,39,11,4, ,0
2855,39,11,3,1,0
2535,82,11,4, ,1
692,54,13,4,2,1
2238,55,13,4,2,1
882,26,15,6, ,1
2827,69,15,4,2,0
1389,26,18,6,2,0
811,27,15,3, ,1
421,70,15,4, ,0
445,57,10,4, ,0
1435,57,10,2, ,0
2605,56,16,4,2,0
173,43,11,4,1,0
1512,43,11,4, ,0
68,73,6,4,1,1
2688,73,6,2,1,1
1293,30,9,3,3,1
2553,30,9, , ,1
2168,29,15,2,3,1
495,86,14,6, ,0
2171,44,11, ,2,0
2702,44,11,4, ,0
2413,59,13,5, ,1
1718,60,13,4, ,1
1405,31,15,4, ,1
207,60,16,6,2,0
640,31,18,3, ,0
2445,31,16,5,4,1
2382,31,16,3, ,1
689,31,16,4,3,1
489,31,16,2,3,1
181,31,16,4,3,1
374,31,16,4,3,1
2502,31,16,5, ,1
591,32,18,6,2,0
2556,42,8,6,1,0
2340,42,8,2,2,0
531,42,8,4,1,0
1394,34,15,4, ,1
2252,63,13,5,1,1
1882,49,11,4,1,0
1160,49,11,4,2,0
2280,50,11,2,2,0
1194,50,11,6, ,0
1245,79,12, ,2,1
752,65,13,4, ,1
2167,22,13,4,2,0
789,22,13,5,1,0
2322,50,17,6, ,0
1839,79,15, , ,0
741,65,16,6,1,0
2726,52,11,1,2,0
1199,52,11,6,1,0
96,80,15,6,2,0
1518,67,13,5, ,1
2040,24,13,4, ,0
598,24,13,4, ,0
219,39,15,4,3,1
425,67,16,4,3,0
184,68,16,3,3,0
693,54,17,5,2,0
908,26,13,5,2,0
2236,26,13,3,2,0
766,25,19,6, ,0
45,20,10,4,3,0
667,20,10,5, ,0
429,20,10,3,4,0
1444,85,12,4,2,1
2229,87,12,6,4,1
874,44,15,2,4,1
1305,44,12,4, ,0
866,44,12,4, ,0
2608,72,16, ,2,0
956,73,13,4,3,1
1231,58,17,4,2,0
2815,59,14,4,1,1
2791,29,19,3,2,0
1351,28,16,3,3,1
650,28,16,6, ,1
235,28,16,3, ,1
2442,28,16,6,1,1
2021,28,16,4, ,1
1284,28,16,4, ,1
1822,28,16,5,2,1
262,59,17,5,2,0
2319,60,14,4,2,1
2211,45,18,5,2,0
264,75,13,6, ,1
943,46,18,4,2,0
496,76,13,4, ,1
195,62,14,2, ,1
2820,48,15,2,1,1
1705,77,13,4,3,1
2077,45,18,5, ,1
1269,45,18,5, ,1
2126,45,18,2,3,1
223,45,18,2,2,1
706,45,18,3,1,1
1869,20,11,4, ,1
550,20,11,4,3,1
748,62,17, , ,0
2095,33,19,5,2,0
1099,35,10,5,2,1
2042,35,10,4,1,1
436,49,15,4,2,1
2185,21,11,4, ,1
493,21,11,4,4,1
1103,63,17,4,1,0
1325,64,14,5,2,1
274,35,13,6,1,0
285,35,13,5, ,0
2560,36,10,1,1,1
2061,36,10,5,2,1
1357,49,18, ,4,0
2828,78,16,4, ,0
1908,22,11,2,1,1
1688,22,11,7, ,1
1250,35,19,6,2,0
919,50,18,5, ,0
1108,79,16,2,2,0
2454,52,15,2,2,1
1062,23,17,2, ,1
361,24,11,4, ,1
653,24,11,4,1,1
1975,39,10,5, ,1
2465,39,10,4,1,1
1545,52,18,1,3,0
594,53,15,5,2,1
1235,25,11,7, ,1
1102,25,11,7,4,1
420,53,18,2,2,0
469,83,13,3, ,1
2705,68,17,4,1,0
1053,26,17,5,2,1
494,84,10,3,2,0
2686,84,10,2,2,0
2450,20,11,4,1,0
1302,20,11,4, ,0
2244,20,11,4,3,0
850,26,20,2,3,0
1522,85,13,5,2,1
121,71,14,4, ,1
59,42,13,2,4,0
419,42,13,4, ,0
2083,43,10,6,2,1
152,43,10,4,2,1
2698,29,11, ,1,1
1178,29,11,1,3,1
1520,72,14,4,2,1
733,57,18,5,4,0
2736,44,10,2,1,1
76,44,10, ,2,1
1746,87,13,5,2,1
637,30,11,3, ,1
244,30,11,6, ,1
1625,73,14,6,2,1
780,29,20,3, ,0
1728,74,8,7, ,1
793,74,8,6,2,1
323,88,13,6,3,1
1380,44,19,2, ,0
2680,74,14,5,2,1
2542,64,12,3,2,1
1888,64,12,6,1,1
1457,64,12,4,2,1
1830,64,12,4,2,1
1239,64,12,4,1,1
170,64,12,5, ,1
1801,64,12,3,3,1
1730,64,12,2,1,1
1495,45,13,4,1,0
1338,45,13,5,2,0
2202,30,20,1,3,0
1587,74,17,6, ,0
1811,60,18,4,2,0
526,31,20,3,2,0
2581,76,8,5, ,1
1681,76,8,6,1,1
1923,46,19,2,2,0
1945,76,14,3,4,1
508,62,9,5,2,1
533,62,9,5, ,1
711,62,15,3, ,1
1192,77,11,4, ,0
1324,77,11,4,1,0
2463,34,14,6, ,0
2831,34,14,2,4,0
2564,78,8,4, ,1
796,78,8,6, ,1
1197,64,15,5,2,1
2292,78,11,6,1,0
2750,78,11,4,2,0
1946,49,19,3,2,0
272,79,14,4,2,1
1255,65,15,3,2,1
1613,51,10, ,2,1
75,51,10, , ,1
1971,30,11,3, ,0
1446,30,11,4, ,0
2423,30,11,5,1,0
651,65,18,7,1,0
922,36,20,2,3,0
1155,45,10, , ,0
2546,45,10, ,1,0
2210,45,10,1, ,0
2386,51,19,5,3,0
1390,23,18,4,4,1
2392,67,15,6,2,1
178,37,20,4,4,0
1675,24,18,4, ,1
295,82,8,2,1,1
1073,82,8, ,2,1
211,39,17,2, ,1
1460,67,18,4, ,0
1600,53,13,4, ,0
1579,53,13,5, ,0
2314,39,14,4,2,0
2738,39,14,4,1,0
1185,25,18,3,4,1
2245,83,14,4,2,1
2610,40,17,2,2,1
2332,54,13,4, ,0
2182,54,13,6,1,0
143,32,12,3, ,1
782,32,12,4, ,1
85,32,12,5, ,1
2233,32,12,4,2,1
929,32,12, ,3,1
345,32,12,4, ,1
1742,32,12,6, ,1
1780,32,12, ,2,1
788,32,12,6,1,1
64,32,12, ,3,1
144,55,10,5,3,1
800,55,10,3,2,1
2327,55,16,4,3,1
1647,26,18,2,4,1
1533,69,12,6,1,0
1326,69,12,6,2,0
1737,70,9,2,1,1
1537,70,9,4, ,1
970,42,16,4,3,1
1434,42,16,6,2,1
732,42,16,5,2,1
1388,42,16,4,2,1
29,42,16,4,4,1
679,42,16,4, ,1
702,55,19,4,1,0
25,42,11,2,2,1
1508,42,11,5, ,1
1627,41,20,6,1,0
539,56,19,2,3,0
1826,86,8, ,1,1
2334,86,8,3,2,1
1015,72,15,4,3,1
1778,29,18,3,2,1
683,87,14,5,4,1
2504,44,11,6,2,1
1667,44,11,2,1,1
1072,29,15,5,3,0
620,29,15,3,2,0
1152,88,14,6,2,1
423,45,17,4,4,1
2671,74,15,4,1,1
2250,73,18,2,1,0
221,59,13,4, ,0
857,59,13,4,2,0
592,31,18,4,2,1
52,32,18,4, ,1
1280,46,20,4,3,0
2301,47,14,4, ,0
297,47,14,2, ,0
2491,76,12,4,2,0
950,76,12,5, ,0
1800,19,13,4,3,1
428,19,13,2,2,1
1759,30,14,5, ,1
1843,30,14,3,1,1
713,30,14,3,2,1
787,30,14,3,2,1
2526,30,14,4,1,1
2665,30,14,6,2,1
2316,30,14,1, ,1
1564,30,14,3,2,1
1783,34,18,2,2,1
2483,63,13,6,1,0
484,63,13,2,2,0
1595,64,16,6,1,1
1360,50,17,2, ,1
155,78,12,3,1,0
938,78,12,4,1,0
6,51,17,4,1,1
870,50,20,6,2,0
2467,79,12,2,2,0
1,79,12,3, ,0
715,79,18,7,2,0
2494,66,10, , ,1
2157,66,10, ,2,1
1664,80,18,4, ,0
1244,80,12,4, ,0
1443,80,12, ,1,0
2862,37,15,1, ,0
1450,37,15,6, ,0
266,52,14,4, ,0
1043,52,14,3, ,0
2672,52,20,7,1,0
803,82,15,3,2,1
114,38,15,4, ,0
861,38,15,5,2,0
1458,67,13,5,3,0
2130,67,13,5,3,0
1347,89,8, , ,0
2858,89,8,4, ,0
2424,89,8,4, ,0
684,68,10,5,2,1
527,68,10,4,3,1
2550,53,14,4, ,0
726,53,14,5,1,0
2067,32,12,4, ,0
1510,32,12,4,1,0
157,32,12,4,3,0
928,54,11,6, ,1
2780,54,11,2,2,1
2393,82,12,4, ,0
1912,82,12,4, ,0
359,69,10,4, ,1
1124,69,10,4,4,1
109,25,16,4, ,0
2886,25,16,5,3,0
1789,26,13,5, ,1
82,26,13,1,2,1
309,83,12,4, ,0
1475,83,12,4,2,0
2379,70,10,6,3,1
481,70,10,5,1,1
2023,56,17,6, ,1
442,55,20,4, ,0
2439,20,13,5,2,0
1621,20,13, ,2,0
897,20,13,4,3,0
1896,56,20,1,4,0
1283,28,19,5,3,1
1402,71,13,4,2,0
2141,71,13,2,3,0
1150,21,13,1,4,0
1957,21,13,4, ,0
2030,21,13,2,2,0
1359,57,20,1,4,0
1569,29,19,3,2,1
1432,57,14,5,1,0
2832,57,14,5,2,0
2242,87,15,4,3,1
644,44,18,5,1,1
2398,43,15,4,4,0
1133,43,15,5, ,0
2076,48,17,6,2,1
868,48,17,5,2,1
2870,48,17,4,2,1
2183,48,17,4,2,1
983,48,17,2, ,1
1702,74,12,6,3,1
1263,74,12,7,2,1
1892,74,12,3,2,1
2746,74,12,6,2,1
1031,74,12,4,2,1
2854,74,12,6,3,1
1575,74,12,6, ,1
2539,59,17,7, ,1
1986,38,9,4, ,1
2748,38,9,5, ,1
1614,38,9,4, ,1
1294,60,17,5, ,1
2089,31,19,3,2,1
2192,59,20,2,2,0
1109,89,15,5, ,1
2764,75,16,5, ,1
867,60,20,6,2,0
2876,47,18,4,2,1
412,26,10,2, ,1
932,26,10,5,2,1
2011,26,10,6,1,1
2668,76,10,4, ,1
2464,76,10,4,1,1
1430,61,14,4, ,0
41,61,14,4,2,0
2289,77,16, ,4,1
2260,42,9,3, ,1
1868,42,9, , ,1
1123,42,9,4,3,1
1362,64,17,3, ,1
2153,35,19,4,2,1
2180,25,12,5,2,1
112,25,12,4, ,1
1321,25,12,2,2,1
2264,25,12,6,2,1
2767,25,12,4, ,1
1629,25,12,6,1,1
2652,25,12,4,2,1
2721,25,12,4,2,1
2374,25,12,4, ,1
661,25,12, ,1,1
367,54,12,4,3,1
2498,54,12,5,1,1
2777,54,12,5,2,1
2019,54,12,4,1,1
402,54,12,4, ,1
822,54,12,2, ,1
2394,54,12,5, ,1
2582,54,12,6,1,1
2658,65,8,6, ,0
1960,65,8,3,3,0
2732,65,8,4,1,0
1752,65,8,3,2,0
1122,79,10,1,2,1
1910,79,10,4,2,1
2676,51,18,4, ,1
842,72,10,6, ,0
1374,72,10,4,2,0
703,72,10,2,1,0
11,37,19,2, ,1
575,65,20,6,1,0
330,80,10,5, ,1
1181,80,10, ,3,1
723,66,11,5,3,1
1949,66,11,4,3,1
1893,82,16,4, ,1
984,34,16,6, ,1
613,34,16,2, ,1
2723,34,16,6,2,1
86,34,16,6,3,1
1768,34,16,7,2,1
1574,34,16,4,2,1
1851,52,15,5, ,0
1017,52,15,4,2,0
1683,39,13,5,2,1
2085,39,13,4, ,1
331,46,12,4, ,0
1452,46,12,4, ,0
1399,46,12,3,2,0
626,68,20,6,1,0
2525,33,10,4,2,1
1333,33,10,4,2,1
1214,33,10,5,2,1
1610,38,13,4,3,1
1232,38,13,4,2,1
2317,38,13,4,2,1
2373,38,13,4, ,1
1469,38,13,3,4,1
2062,38,13,6, ,1
1593,38,13,5, ,1
1304,38,13,4,4,1
43,55,18,4, ,1
577,68,14,4,1,0
1275,68,14,2, ,0
701,84,16,3, ,1
2020,55,12,4,4,1
2495,55,12,4,2,1
696,70,11,2,3,1
2624,70,11,5,2,1
2824,26,17,5,2,0
1289,26,17,3,2,0
450,44,19,4,2,1
977,28,17,1,3,0
1067,28,17,3, ,0
1216,29,14,5, ,1
840,29,14,6,2,1
324,36,13,5, ,0
1134,36,13,6,1,0
431,36,13,4,2,0
236,59,18,1,4,1
1466,44,13,3,3,1
1165,44,13,4,2,1
1014,30,20,3,4,1
2851,45,19,6, ,1
1591,74,17,2,2,1
492,37,13,6,2,0
2310,37,13,5, ,0
2173,37,13,2,1,0
2579,74,11,6,2,1
2718,74,11,6, ,1
918,74,20,2, ,0
1339,45,16,4,4,0
2088,45,16,2,3,0
682,89,10,5, ,1
2228,89,10,4,1,1
674,47,19,3, ,1
2131,60,15,4, ,0
1669,60,15,3,2,0
2437,31,17,5,2,0
1636,31,17,3,2,0
571,39,13,3,2,0
1464,39,13,6,1,0
669,39,13,6,1,0
1409,62,18,4,2,1
1396,48,19,2,3,1
501,77,17,2,2,1
197,32,17,3, ,0
2,32,17,1,1,0
1925,34,20,3, ,1
553,77,11,4, ,1
2054,77,11,4, ,1
1890,27,11,4,2,1
606,27,11,6,1,1
432,27,11,4, ,1
2351,33,17,4,2,0
1421,33,17,4,2,0
1666,41,13,4,2,0
2148,41,13,7, ,0
2006,41,13,5, ,0
2468,35,14,4,1,1
845,35,14,3,3,1
1406,78,20,4,2,0
1471,28,14,5,3,0
1602,28,14,4,2,0
563,28,14,1,2,0
381,35,17,4,2,0
2441,35,17,5, ,0
222,79,20,2,2,0
649,43,13, ,1,0
1140,43,13,4,3,0
98,43,13,4,2,0
1243,51,13,4, ,1
1854,51,13,4,3,1
1236,37,11,7,1,0
108,37,11,6,2,0
2150,37,11,3,2,0
2900,37,11,4,1,0
67,29,14,5,4,0
2898,29,14,2, ,0
839,29,14,4,2,0
130,45,10,6,1,1
347,45,10,6,1,1
2781,45,10,5,1,1
2217,52,13,3,2,1
1054,52,13,4,2,1
1247,59,12,4,2,0
725,59,12,5,2,0
1142,59,12,4, ,0
965,39,20,7, ,1
1169,48,12,4, ,1
2761,48,12, , ,1
664,48,12,2, ,1
2611,48,12,4, ,1
2068,48,12,2,2,1
507,48,12,2,2,1
1044,48,12,4, ,1
1818,48,12,7, ,1
2116,75,8,4, ,1
307,75,8,5,1,1
1909,75,8,7, ,1
229,38,17,5, ,0
341,38,17,6,2,0
31,40,20,2,4,1
2531,75,11,4,1,0
2867,75,11,2, ,0
1299,75,11,4,3,0
838,33,11,4, ,1
444,33,11,3,1,1
138,33,11,4,3,1
2257,83,11,2, ,1
1695,83,11,4, ,1
1410,41,20,2, ,1
1588,70,18,4,3,1
1036,34,11,6,2,1
1894,34,11,3,2,1
1970,34,11,4, ,1
579,42,20,2,4,1
764,55,16,6,2,0
754,55,16,4,3,0
643,43,20,3, ,1
1917,86,11,4,1,1
100,86,11,5,1,1
164,58,13,4,3,1
768,58,13, ,2,1
852,45,20,4, ,1
2016,73,12,5, ,1
2378,73,12,6,3,1
2372,30,12,3, ,0
1285,30,12,4, ,0
819,30,12,4,2,0
899,30,12,4,2,0
1358,88,20, ,2,0
1992,61,19,5,2,1
2000,23,15,4, ,0
148,23,15,4, ,0
2043,23,15,5, ,0
1440,24,15,2,4,0
2472,24,15,5,1,0
1528,24,15,2,1,0
826,19,11,5,2,0
2713,19,11,4,2,0
1198,19,11,4,2,0
1065,19,11,6,3,0
2839,19,11,4,2,0
2375,77,18,6,2,1
658,46,17,4,1,0
1916,46,17,3, ,0
2869,76,12,5,1,1
2381,76,12,4, ,1
676,47,17,5,2,0
804,47,17,6,2,0
1237,62,16,6,1,0
1672,62,16,1, ,0
691,48,17,3,3,0
2206,48,17,4,1,0
863,56,13,6,2,0
377,56,13,4, ,0
2677,56,13,4,4,0
1420,63,16,6, ,0
408,63,16,3,4,0
2345,34,18,1,2,0
1995,34,18,6,1,0
2476,50,14,4,2,1
1619,50,14,6,2,1
695,49,17,6,3,0
876,49,17, , ,0
2058,28,15,6, ,0
1927,28,15,5,1,0
78,28,15,5,2,0
777,64,16,6,3,0
2773,64,16,3, ,0
2084,35,18,6,1,0
1454,35,18,4, ,0
633,81,18,4,2,1
1118,67,19,3,4,1
1956,22,16,2,1,1
1568,22,16,6,2,1
904,53,20,2, ,1
1634,44,14,4, ,0
1259,44,14,3, ,0
1147,44,14,6,1,0
872,51,17,6,2,0
241,51,17,4,4,0
174,68,19,6,3,1
885,24,16,5,2,1
687,24,16,2,3,1
320,24,16,6,2,1
255,24,16,4, ,1
1472,24,16,6,1,1
888,24,16,2,1,1
1088,54,20,1,4,1
663,52,17,4, ,0
464,52,17,5,1,0
39,25,10,4, ,1
2735,25,10,4,2,1
2583,25,10,3,2,1
315,25,10,6, ,1
2620,82,12,7,1,1
681,82,12,3,4,1
2462,46,14,4, ,0
1337,46,14,7, ,0
2225,46,14,3, ,0
243,40,15,4, ,1
588,40,15,6,2,1
2160,32,15,4,1,0
340,32,15,4, ,0
1653,32,15,5, ,0
2073,31,14,4,2,1
140,31,14,4,2,1
1558,31,14,5, ,1
1748,31,14,7, ,1
2885,31,14,4, ,1
1030,31,14,4, ,1
1658,31,14,5, ,1
2716,40,18,4,1,0
617,40,18,4,2,0
220,48,16,3,2,1
522,48,16,3,3,1
2247,48,16,4, ,1
1177,48,16,3, ,1
2026,48,16,4,2,1
2051,58,20,5, ,1
17,34,15,3, ,0
1201,34,15,5, ,0
917,34,15,5, ,0
1547,70,16,3, ,0
519,70,16,5, ,0
1277,43,15,5,2,1
1104,43,15,3, ,1
1415,86,12,6,3,1
680,86,12,5,4,1
187,47,16, ,2,1
740,47,16,2,3,1
1803,47,16,4,2,1
1173,47,16,1,4,1
510,47,16,3, ,1
2053,36,15,6,1,0
1035,36,15,3,1,0
1120,36,15,4,2,0
1932,43,18,5,3,0
2190,43,18,7, ,0
770,51,14,4,2,0
1656,51,14,6,2,0
599,51,14,6,1,0
1883,52,11,4,2,1
2530,52,11,1,1,1
1846,52,11,4,1,1
849,22,16,2,2,0
2789,22,16,3, ,0
2014,22,16,6, ,0
2047,61,20,4, ,1
1168,45,15,5, ,1
1711,45,15,4,2,1
201,31,13,4,1,0
256,31,13,6, ,0
363,31,13,4,3,0
898,31,13,5, ,0
2052,62,20,4,2,1
1744,61,14,5, ,1
2305,61,14,4,4,1
1477,63,20,5,2,1
2313,63,14,6, ,1
565,63,14,4, ,1
2693,34,13,4, ,0
391,34,13,6,2,0
722,34,13,3,2,0
1379,34,13,4,2,0
33,41,15,4, ,0
1344,41,15,4, ,0
23,41,15,5,4,0
1416,66,20,3, ,1
2380,50,12,2,3,0
2402,50,12,4,2,0
2779,50,12,4, ,0
393,50,12,2,2,0
877,21,14,4,2,0
940,21,14,4, ,0
1954,21,14,6,2,0
541,21,14,3,2,0
1523,36,16,3,3,1
2731,36,16,6,1,1
568,44,16,5,2,1
1387,44,16,3, ,1
1001,44,16,5,3,1
2807,44,16,3,2,1
1060,44,16,4,3,1
851,22,14,6, ,0
2122,22,14,5,2,0
1620,22,14,4,2,0
1966,22,14,2,1,0
1381,52,12,4, ,0
2532,52,12,5,3,0
1066,52,12,3,3,0
1056,52,12,3,3,0
992,60,14,4,2,0
122,60,14,6, ,0
924,60,14,5,2,0
860,31,16,4,2,0
1941,31,16,6, ,0
16,31,16,2,3,0
2227,54,15,4,2,1
2753,54,15,7, ,1
368,32,16,5,1,0
2044,32,16,4,2,0
1148,32,16,3,2,0
652,33,13,5,2,1
1684,33,13,4, ,1
288,33,13,5,1,1
2446,41,16,4,1,1
743,41,16,6, ,1
2710,70,14,4,2,1
306,70,14,4, ,1
1589,62,14,7,2,0
2066,62,14,5,3,0
755,62,14,6, ,0
639,56,15,3,2,1
365,56,15,4, ,1
1524,55,18,5,3,0
3,55,18,4,2,0
2024,27,17,2, ,1
1256,27,17,2,3,1
2823,48,15,6,4,0
2471,48,15,4, ,0
1223,48,15,4, ,0
281,28,11,2,2,1
321,28,11,4,2,1
355,28,11,4,2,1
1701,28,11,2, ,1
240,41,19,5, ,0
1969,41,19,4,1,0
939,34,16,5,1,0
602,34,16,4,1,0
947,34,16,2,1,0
1585,56,18,6,2,0
2197,56,18,5,3,0
2293,58,15,3, ,1
668,58,15,2,2,1
986,29,17,2,2,1
62,29,17,4, ,1
1301,58,12,4,2,0
2212,58,12,4,1,0
2787,58,12,2,3,0
1419,58,12,4,1,0
1582,22,14,4,2,1
963,22,14,4,2,1
2143,22,14,4,1,1
2776,36,16,2, ,0
757,36,16,3, ,0
798,36,16,3, ,0
2848,59,15,5,4,1
2415,59,15,6,2,1
2243,60,12,6,2,0
478,60,12,4,3,0
2861,60,12,3,1,0
2161,60,12,3, ,0
814,32,11,6,3,1
1799,32,11,1, ,1
1795,32,11, ,2,1
1413,32,11,4,1,1
1578,89,13,6,1,1
2027,89,13,3,2,1
1161,33,12,4, ,0
2585,33,12,5, ,0
1042,33,12,4,2,0
1565,33,12,5,2,0
63,33,12,7, ,0
616,24,17,4,2,0
641,24,17,3, ,0
1473,24,17,5, ,0
1246,69,11,5, ,1
1264,69,11,4, ,1
1287,69,11,6, ,1
2358,25,17,6, ,0
625,25,17,4,3,0
2343,25,17,2,2,0
1712,77,14,4,2,1
554,77,14,2, ,1
2104,34,17,2, ,1
2770,34,17,3,2,1
205,62,18,5, ,0
1837,62,18,4,2,0
2444,33,20,5,2,0
1952,33,20,4,3,0
935,27,14, ,2,1
2013,27,14, ,1,1
490,27,14,4,1,1
1729,36,14,5,2,0
1880,36,14, ,1,0
779,36,14,4,2,0
2797,36,14,4,2,0
1899,37,11,4,2,1
115,37,11,1,1,1
2745,37,11,2,2,1
2275,37,11,3, ,1
129,23,13,5, ,0
818,23,13,4, ,0
2359,23,13,4,1,0
2744,23,13,3,1,0
1755,23,13,4,4,0
887,22,15,2, ,0
884,22,15,5,3,0
890,22,15,6,2,0
422,22,15,5,2,0
1550,52,16,4,4,1
2798,52,16,3,3,1
991,41,18,2,3,1
1286,41,18,4,2,1
270,41,18,5,2,1
2201,41,18,2,3,1
2590,38,11,4, ,1
1032,38,11,5,2,1
1075,38,11,5,4,1
560,38,11,4, ,1
1480,38,17,4,2,1
1915,38,17,3, ,1
2321,67,12,4,3,0
477,67,12,5, ,0
1844,67,12,4,1,0
1040,67,12,6,1,0
774,46,13,6,1,1
2766,46,13,5, ,1
10,46,13,4, ,1
1260,68,15,5,3,1
175,68,15,4,2,1
921,38,20,6,3,0
1061,38,20,4,3,0
2541,54,16,5,2,1
267,54,16,4,2,1
1526,25,15,5,2,0
2796,25,15,4,2,0
438,25,15,2, ,0
905,25,15,2,4,0
265,40,20,5,1,0
1353,40,20,4, ,0
847,43,12,2, ,0
2627,43,12,4, ,0
1847,43,12, , ,0
169,43,12,5, ,0
761,43,12,6, ,0
238,43,17,3,2,1
1468,43,17,5, ,1
2406,89,20,6,1,1
2474,22,12,4,2,0
1334,22,12,7, ,0
2259,22,12,4,1,0
1021,22,12,7, ,0
962,22,12,1, ,0
1536,22,12,6, ,0
2430,43,20,4,2,0
162,43,20,3, ,0
517,73,12,5,2,0
2133,73,12,4,2,0
2311,73,12,4,2,0
2239,73,12,5, ,0
1967,23,15,2,1,1
856,23,15,5, ,1
1791,23,15,5,2,1
1624,60,16,6, ,1
2390,60,16,2,4,1
286,52,16,4, ,0
1343,52,16,5,3,0
2071,52,16,3, ,0
2400,74,12,2,1,0
193,74,12,4,2,0
1821,74,12,6,1,0
1453,74,12,4,1,0
1933,68,12,4,4,1
2477,68,12,6,1,1
2571,68,12,4, ,1
57,53,16,2, ,0
228,53,16,3,1,0
1423,53,16,4, ,0
124,30,16,7, ,0
985,30,16,6,2,0
2172,30,16,5, ,0
1442,30,16,6, ,0
607,30,16,6, ,0
237,30,16,2,4,0
841,30,16,3, ,0
1090,41,12,4,3,0
2682,41,12,6,1,0
1007,41,12,2,2,0
2786,41,12,4, ,0
1788,41,12,4,1,0
1251,41,12,4,2,0
530,41,12,1,1,0
731,41,12,2, ,0
49,41,12,4,2,0
2448,41,12,4, ,0
630,40,14,4,1,1
2545,40,14,5,2,1
707,40,14,4,2,1
2028,47,20,4, ,0
574,47,20,5,2,0
2534,40,17,4,2,0
1693,40,17,3,2,0
230,40,17,4,2,0
455,56,13,4,1,1
2874,56,13,4,1,1
1006,56,13,5,2,1
358,28,15,4,2,1
1596,28,15,4,4,1
253,28,15,5,2,1
135,49,20,6,3,0
1544,49,20,4,1,0
2290,50,14,4,1,0
1208,50,14,7,1,0
708,50,14,3,3,0
1835,50,14,4,1,0
352,57,16,5, ,0
1919,57,16,5,2,0
1426,57,16,6, ,0
312,22,13,4,3,1
813,22,13,6, ,1
1703,22,13,3,3,1
1258,22,13,5,3,1
945,28,18,6,2,0
632,28,18,4, ,0
1959,28,18,7,1,0
2057,43,17,3, ,0
1205,43,17,5,2,0
449,43,17,3,3,0
293,24,13, ,2,1
126,24,13,2,2,1
979,24,13,4,3,1
116,24,13,4,2,1
627,39,18,2, ,1
2007,39,18,6,3,1
418,34,14,3,3,1
1935,34,14,4,2,1
2363,34,14,5, ,1
2087,34,14,2,4,1
801,34,14,2,3,1
1130,34,14,4,3,1
1132,40,13, ,3,0
1764,40,13,7,1,0
1809,40,13,4,2,0
2178,40,13,6,4,0
1973,40,13,5,4,0
1111,24,16,4,1,0
749,24,16,5,2,0
597,24,16,2,3,0
465,24,16,2,3,0
1825,47,14,4,2,1
690,47,14,4,3,1
141,47,14,5, ,1
2196,33,15,5, ,1
2070,33,15,4, ,1
1555,33,15,5,2,1
1931,26,19,1,4,1
1643,26,19,6, ,1
2142,27,14,5, ,0
1714,27,14,6, ,0
1694,27,14,4, ,0
2593,27,14,4, ,0
1761,27,14,7, ,0
1749,34,12,3,1,0
910,34,12,5, ,0
1753,34,12,4,2,0
460,34,12,4,4,0
1267,34,12,5,2,0
1166,34,12,6,2,0
2518,78,12,4, ,1
1094,78,12,4, ,1
2385,78,12,2,3,1
2470,44,13,2,2,0
14,44,13,4,2,0
1981,44,13,5,2,0
2419,44,13,5,1,0
19,44,13,4,2,0
911,51,14,5, ,1
2863,51,14,4,3,1
1990,51,14,6,2,1
2075,57,14,7,1,1
1549,57,14,6,4,1
544,57,14,3, ,1
2352,57,14,4,2,1
2631,57,14,6,1,1
1796,52,14,4, ,1
973,52,14,3,4,1
161,52,14,5, ,1
1408,42,15,5, ,1
1382,42,15,6,2,1
1980,42,15,6,2,1
1571,42,15,3,3,1
74,42,15,2, ,1
1998,46,20,4,4,1
1367,46,20,4,4,1
2267,46,20,2, ,1
1484,31,13,4,3,1
409,31,13,4, ,1
1793,31,13,5,2,1
215,31,13,2,2,1
1999,46,18,6, ,1
163,46,18,5, ,1
2511,53,14,4, ,1
308,53,14,3,3,1
2101,53,14,4, ,1
833,83,12,4,1,1
1000,83,12,4,2,1
388,83,12,1,2,1
1157,55,14, , ,1
2015,55,14,4,4,1
1630,55,14,6,1,1
1823,34,19,2,3,1
967,34,19,5, ,1
759,33,16,4, ,0
1395,33,16,6,1,0
1895,33,16,6, ,0
794,33,16,6,1,0
2110,62,20,6, ,0
118,62,20,4,2,0
848,84,12, ,3,1
328,84,12,4, ,1
2428,84,12,2,2,1
2127,56,14,6,1,1
248,56,14,3, ,1
585,56,14,4, ,1
2086,44,20,2, ,1
486,44,20,6, ,1
614,44,20,5, ,1
2232,35,14,4, ,0
2597,35,14,5,1,0
2174,35,14,2, ,0
912,35,14,6,2,0
1225,35,14,4, ,0
156,20,14,3, ,1
1291,20,14,4, ,1
542,20,14,2,3,1
2205,20,14,4,1,1
1059,41,18,2, ,0
1368,41,18,2,2,0
638,41,18,4,2,0
214,43,13,3,1,1
1708,43,13,6,3,1
883,43,13,2, ,1
1603,43,13,6,2,1
1138,43,13,7,2,1
2678,43,13,4,2,1
94,51,13,4, ,0
1745,51,13,1,1,0
1311,51,13,4,1,0
2741,51,13,4,3,0
1682,51,13, ,1,0
1089,42,18,2,1,0
589,42,18,4, ,0
576,42,18,5,3,0
2422,72,13,2, ,1
2606,72,13,4, ,1
1016,72,13,4,3,1
287,37,14,4,2,0
1884,37,14,6,1,0
2123,37,14,4, ,0
729,37,14,4, ,0
261,37,14,5,2,0
311,53,10,2,2,1
1692,53,10,4,4,1
503,53,10,4,2,1
2144,53,10,4,4,1
1904,53,10,4,1,1
948,51,15,1, ,0
1845,51,15,7,3,0
1775,51,15,6,1,0
310,51,15,7,2,0
2271,66,20,5, ,0
159,66,20,4, ,0
1331,26,12,2,2,0
1058,26,12,3,1,0
1808,26,12, ,1,0
1433,26,12,7,1,0
2109,26,12,5, ,0
318,26,12,2,3,0
1330,26,12,4, ,0
1557,24,14, , ,1
354,24,14,6, ,1
2812,24,14,6,2,1
2364,24,14,4,1,1
1356,68,12,6,2,0
968,68,12,4, ,0
1135,68,12,4, ,0
395,68,12,4,2,0
180,68,12,7,2,0
1964,26,14,5,4,1
1570,26,14,6,2,1
1525,26,14,4, ,1
1509,26,14,4,2,1
250,19,11,6,2,1
2594,19,11,6, ,1
1968,19,11,4,2,1
1816,19,11,5,1,1
2762,19,11, ,2,1
2806,19,11,1,1,1
2353,32,19,7,2,0
18,32,19,3,3,0
372,32,19,2, ,0
1034,47,18,2,4,0
1824,47,18,4,1,0
1341,47,18,6, ,0
660,69,20,4,3,0
1618,69,20,6, ,0
2165,42,14,2, ,0
2427,42,14,4,2,0
1874,42,14,5,3,0
2844,42,14,4,2,0
1234,42,14,4, ,0
1584,42,16,5,2,0
2140,42,16,4, ,0
1616,42,16,4,2,0
1513,42,16,6,2,0
2492,31,12,4, ,0
1312,31,12,6,2,0
1988,31,12,4, ,0
2558,31,12,3,2,0
941,31,12,7, ,0
1296,31,12,7, ,0
2846,31,12,3, ,0
2032,44,16,2,2,0
1612,44,16,3,3,0
166,44,16,5,3,0
2418,44,16,5, ,0
491,31,20,5, ,1
903,31,20,5,4,1
451,30,17,5,2,0
858,30,17,2, ,0
2447,30,17,6, ,0
1506,30,17,5, ,0
120,89,16,4,3,1
1648,89,16,5, ,1
951,24,17,3, ,1
2803,24,17,4,2,1
1038,24,17,2, ,1
203,68,14,6,2,1
778,68,14,6,2,1
582,68,14,3,3,1
520,61,12,4,2,1
2643,61,12,4,1,1
1037,61,12,4, ,1
2717,61,12,7,1,1
2714,48,14,7,2,1
199,48,14,2,1,1
2318,48,14,5,1,1
123,48,14,4,1,1
461,48,14,2,1,1
2711,54,12,4,1,0
1314,54,12,4,4,0
1273,54,12,5,2,0
799,54,12,6,1,0
1997,54,12,3,2,0
1920,54,12,3,1,0
1626,69,14,4,2,1
1418,69,14,4,2,1
1831,69,14,4,3,1
546,48,14,4,3,0
1488,48,14,5, ,0
1577,48,14,5,2,0
488,48,14,4,2,0
2046,48,14,4,3,0
1592,76,20,6, ,0
657,76,20,4,4,0
2189,26,14,6,2,0
966,26,14,3,1,0
2639,26,14,6, ,0
1424,26,14,4, ,0
1315,26,14,7,1,0
290,26,14,5,1,0
1758,50,13,4,2,1
821,50,13,3,2,1
1055,50,13,4, ,1
1270,50,13,4,4,1
2830,28,17,4, ,1
514,28,17,3,4,1
2200,28,17,3, ,1
1639,35,16,2,3,0
925,35,16,3,2,0
2897,35,16,1,2,0
179,35,16,3, ,0
72,35,16,3, ,0
2049,35,16,6,1,0
548,36,14,3,3,1
2479,36,14,3,2,1
1445,36,14,2,2,1
401,36,14,6,2,1
1079,43,14,4,2,0
2231,43,14,2, ,0
1398,43,14,6, ,0
2286,43,14,6,3,0
1936,43,14,3,2,0
475,43,14,5,3,0
283,43,14,3, ,0
2287,65,12,4, ,1
705,65,12,6,2,1
1191,65,12,4,2,1
202,65,12,4, ,1
1820,75,12,4,1,1
551,75,12,2,1,1
2333,75,12,2, ,1
1020,75,12,4, ,1
2868,75,12,6,1,1
1249,66,12,5, ,1
1219,66,12,4, ,1
2251,66,12,4, ,1
1336,66,12,6,2,1
685,53,19,4, ,1
168,53,19,6,1,1
119,38,14,2,2,1
1615,38,14,5,3,1
976,38,14,1, ,1
104,38,14,3, ,1
2882,30,14,5,1,0
301,30,14,5, ,0
1556,30,14,6, ,0
239,30,14,3, ,0
275,30,14,4, ,0
2757,30,14,5,1,0
51,25,13,4, ,1
2328,25,13,4,2,1
505,25,13,6,2,1
786,25,13,5,4,1
348,25,13,4,1,1
2699,39,14,6,2,1
2859,39,14,5,2,1
1561,39,14,4,2,1
529,39,14,4,2,1
1993,54,14,6,2,0
476,54,14,6,3,0
2191,54,14,5,3,0
2125,54,14,5, ,0
802,54,14,3,1,0
776,25,15,6,1,1
194,25,15,3,4,1
1834,25,15,4,1,1
2769,25,15,5,2,1
394,61,12,6,2,0
712,61,12,4, ,0
453,61,12,6,2,0
2105,61,12, ,3,0
1411,61,12,4,2,0
1542,61,12,6, ,0
1581,28,13,5,1,0
593,28,13,4, ,0
1736,28,13,3,1,0
2501,28,13,4, ,0
1777,28,13,5, ,0
1393,28,13,3, ,0
721,28,13,2, ,0
2349,56,19,5,2,1
2341,56,19,6,2,1
2368,33,14,3,2,0
150,33,14,5,3,0
154,33,14,3,2,0
443,33,14,4,1,0
232,33,14,4,3,0
1938,33,14,5,3,0
2059,23,12,3, ,0
1200,23,12,4,2,0
210,23,12,5,2,0
1914,23,12,5,1,0
1866,23,12,6,1,0
2120,23,12,6,2,0
2169,23,12,4,3,0
601,23,12, , ,0
2331,23,12,4, ,0
1972,23,12,6, ,0
2675,27,16,2,2,0
894,27,16,1,1,0
1002,27,16,3,3,0
1631,27,16,4,2,0
1485,27,16,5, ,0
812,27,12,4,2,0
2111,27,12,6,3,0
2455,27,12,4,1,0
1248,27,12,5, ,0
300,27,12,4,1,0
1765,27,12,5,1,0
2179,27,12,4, ,0
889,27,12,4, ,0
2759,40,14,5,1,0
430,40,14,3,4,0
2833,40,14,6,3,0
1782,40,14,6, ,0
604,40,14,4,2,0
2081,40,14,3,3,0
172,40,14,4,4,0
111,29,13,4,1,1
1715,29,13,4,2,1
2895,29,13,4,2,1
8,29,13,4,3,1
2158,29,13,2, ,1
1076,26,12,4,1,1
370,26,12,3,2,1
2151,26,12,6, ,1
317,26,12,4, ,1
816,26,12, , ,1
343,26,12,1, ,1
2755,26,12,7,1,1
2078,50,16,4,3,1
1687,50,16,3,1,1
2864,50,16,6, ,1
1529,37,17,4,3,1
351,37,17,4, ,1
2673,37,17,4, ,1
2802,32,13,4,3,0
2881,32,13,4, ,0
2063,32,13,4,2,0
2650,32,13,3,4,0
1045,32,13,6,2,0
2065,32,13,1,1,0
509,32,13,4,2,0
1534,47,12,4,2,0
952,47,12,5,4,0
2884,47,12,6,1,0
2449,47,12,6,1,0
1806,47,12,5,1,0
97,47,12,4, ,0
855,47,12,4,3,0
2519,66,12, , ,0
2701,66,12,6, ,0
2865,66,12,4,2,0
1717,66,12,5,2,0
1494,66,12,1,2,0
2397,66,12,4, ,0
1278,46,14,3,3,1
139,46,14,4,4,1
1713,46,14,6,4,1
1080,46,14,4, ,1
1281,48,12,6, ,0
1725,48,12,4,2,0
7,48,12,4, ,0
1195,48,12,4,3,0
621,48,12,4,1,0
1863,48,12,3,1,0
875,48,12,2, ,0
417,54,16,6, ,0
975,54,16,5, ,0
2586,54,16,2,1,0
1335,54,16,5,1,0
734,54,16,7, ,0
587,19,12,3,3,0
1918,19,12,4,1,0
145,19,12, ,2,0
747,19,12,5,2,0
2195,19,12, ,1,0
957,19,12,5,2,0
916,19,12,2,4,0
1154,19,12, ,3,0
2629,19,12,4, ,0
1366,56,16,4,2,1
1145,56,16,4, ,1
756,56,16,4,2,1
125,49,14,4,2,1
1207,49,14,6, ,1
2303,49,14,4, ,1
36,49,14,4,2,1
398,41,14,1,3,0
1678,41,14,3,2,0
101,41,14,4, ,0
225,41,14,4,3,0
1676,41,14, , ,0
2838,41,14,5,3,0
619,42,17,2,3,1
1272,42,17,3, ,1
2826,42,17,4,2,1
805,70,12,6, ,0
384,70,12,5,2,0
2412,70,12,4,2,0
1719,70,12,3,3,0
1023,70,12,4, ,0
1345,70,12,5,4,0
2134,53,13,6,1,1
869,53,13,3,2,1
567,53,13,3,1,1
2596,53,13,5,1,1
2788,53,13, , ,1
1146,36,12, , ,0
909,36,12,3,4,0
182,36,12,5, ,0
815,36,12,3,1,0
131,36,12,4,3,0
961,36,12,4,2,0
1167,36,12, , ,0
1766,36,12,4, ,0
137,30,12,4,4,1
410,30,12,4, ,1
1487,30,12,4,2,1
647,30,12,4,2,1
1810,30,12,4, ,1
698,30,12,6, ,1
1462,53,12,6,1,1
2034,53,12,6,2,1
521,53,12,3, ,1
186,53,12,2,1,1
581,53,12,4,3,1
873,37,18,6,1,0
610,37,18,5,2,0
902,37,18,2, ,0
2414,37,18,7,1,0
2426,55,12,5,3,0
1829,55,12,3, ,0
2615,55,12,6, ,0
2266,55,12,6,1,0
2528,55,12,3,1,0
2408,55,12,4,1,0
2330,55,12,6,2,0
1566,40,13,4, ,1
1798,40,13,4,1,1
1228,40,13,2,2,1
9,40,13,2,2,1
158,40,13,4, ,1
2017,47,17,2,3,1
294,47,17,6,4,1
988,47,17,2,3,1
2008,41,13,4, ,1
1875,41,13,4, ,1
827,41,13,3,1,1
2377,41,13,5,2,1
2818,41,13,4,2,1
2674,39,19,3,2,1
188,39,19,4, ,1
2599,39,19,7, ,1
479,40,16,4,1,0
1290,40,16,5,3,0
751,40,16,2,3,0
538,40,16,5,1,0
226,40,16,3,2,0
1365,53,18,3, ,1
694,53,18,1, ,1
216,53,18,5,4,1
785,28,14,4,3,1
1078,28,14,4, ,1
1651,28,14,4,2,1
2371,28,14,4,2,1
1677,28,14,4,4,1
2156,28,12,4,2,0
981,28,12,2, ,0
1070,28,12,6, ,0
1812,28,12,6, ,0
1807,28,12,3,3,0
389,28,12,2,3,0
233,28,12,3, ,0
1401,28,12,4,2,0
2208,28,12, , ,0
920,36,18,3,2,1
1859,36,18,5, ,1
1502,36,18,4,2,1
2119,48,13,5, ,1
2072,48,13,4,4,1
609,48,13, ,2,1
2587,48,13,4, ,1
1659,48,13,5,1,1
2261,29,12,6, ,0
2893,29,12,4,2,0
2752,29,12, , ,0
2288,29,12,6,3,0
2799,29,12,4, ,0
149,29,12,4,2,0
2537,29,12,5, ,0
1376,29,12, ,1,0
1802,29,12,4, ,0
2022,30,13,4,1,0
1726,30,13,4,1,0
2337,30,13,2, ,0
1308,30,13,4,4,0
1226,30,13,4,2,0
1008,30,13,6,2,0
2888,30,13,5, ,0
1162,30,13,4,1,0
1114,25,12, ,2,0
844,25,12,4, ,0
2612,25,12,4,1,0
335,25,12,4,2,0
54,25,12,3,2,0
1323,25,12,2,2,0
1188,25,12,1,4,0
2808,25,12, ,3,0
1781,25,12,7, ,0
2113,53,20,6, ,0
1586,53,20,4,2,0
1288,53,20,5,2,0
2633,21,12,4,1,1
1505,21,12,5,4,1
2618,21,12,4,1,1
1229,21,12,5,2,1
2706,21,12,5, ,1
2800,21,12,2,2,1
2460,21,12,4,2,1
865,26,16,4,2,0
1644,26,16,6, ,0
886,26,16,4,2,0
2254,26,16,6,2,0
35,26,16,5,4,0
56,26,16,2,2,0
901,23,12,5, ,1
1982,23,12,4,3,1
1441,23,12,3, ,1
1794,23,12,5,2,1
2663,23,12,4,1,1
2567,23,12, ,2,1
688,23,12,1,3,1
1098,28,13,4,3,1
2103,28,13,6,2,1
906,28,13,1,4,1
2308,28,13,7, ,1
2866,28,13,6, ,1
485,28,13,5,4,1
2540,43,18,3,2,1
783,43,18,2, ,1
77,43,18,3,2,1
1642,22,15,4, ,1
618,22,15,3, ,1
1370,22,15,2,3,1
1889,22,15,7, ,1
1886,22,15,6, ,1
1386,46,15,6,2,1
2872,46,15,3,2,1
1632,46,15,6,3,1
556,46,15,2,1,1
227,51,18,5, ,0
2115,51,18,5, ,0
1279,51,18,4,3,0
2091,51,18,5,2,0
1792,38,12,6,1,0
525,38,12,4, ,0
2847,38,12,6,1,0
1649,38,12,6,1,0
200,38,12,4,1,0
2094,38,12,3,3,0
1723,38,12,4,2,0
1253,38,12,4, ,0
1541,38,12,5, ,0
385,69,12,4,2,1
497,69,12,4,2,1
2743,69,12,4,1,1
2041,69,12,4,3,1
566,69,12,3,2,1
1637,53,12,4,3,0
2230,53,12,4,1,0
2146,53,12,6, ,0
2339,53,12,4,3,0
2683,53,12,5,2,0
21,53,12,7,2,0
2315,53,12,6,2,0
2074,48,18,2,2,1
830,48,18,5,3,1
1271,48,18,2,4,1
2391,35,12,4,2,0
282,35,12,5, ,0
2578,35,12, ,2,0
1939,35,12,4,1,0
2720,35,12,3,1,0
2004,35,12,6, ,0
337,35,12,4,2,0
415,35,12,4,2,0
247,34,13,3, ,1
2778,34,13,3,4,1
871,34,13, ,2,1
672,34,13,3,2,1
1375,34,13,4,2,1
1319,34,13,5,1,1
2121,49,18,2,1,1
923,49,18,7, ,1
611,49,18, , ,1
2894,43,14,4,1,1
468,43,14,4,4,1
399,43,14,5,2,1
809,43,14,5, ,1
467,43,14,4,3,1
1955,25,14,2,3,1
1116,25,14,4, ,1
1091,25,14, , ,1
1963,25,14,3, ,1
2793,25,14,5,2,1
376,45,14,5, ,1
730,45,14,4,1,1
2360,45,14,1,4,1
1482,45,14,6, ,1
2010,45,14, , ,1
1364,70,16,5,3,1
1479,70,16,2, ,1
2765,70,16,5,2,1
113,46,16, ,3,1
2224,46,16,4, ,1
2684,46,16,6,1,1
2389,46,16,6,4,1
1470,40,18,2, ,1
2756,40,18,6,1,1
1085,40,18,6, ,1
2875,54,20,4,2,0
914,54,20,2,3,0
242,54,20,4,2,0
834,23,14,4,2,1
1762,23,14,5, ,1
2175,23,14,4, ,1
878,23,14,2,1,1
2614,23,14,6,2,1
386,32,17,6,1,1
316,32,17,4,2,1
549,32,17,5,1,1
2048,32,17,3,3,1
2149,37,13,4,1,1
2234,37,13,7, ,1
1010,37,13,5,3,1
1953,37,13,5, ,1
2602,37,13,6,1,1
1004,21,12,2,2,0
1732,21,12,4, ,0
1511,21,12,6,2,0
2809,21,12,4, ,0
2262,21,12,4,1,0
2459,21,12,4, ,0
879,21,12,3, ,0
2263,21,12,4,2,0
2384,21,12,4,2,0
1179,21,12,5,2,0
896,21,12,5,2,0
2536,20,13,4,1,1
289,20,13,4,4,1
1063,20,13,2, ,1
2118,20,13,2, ,1
2056,20,13,5,2,1
1519,20,13,4, ,1
1206,20,13,4,1,1
700,32,14,5, ,0
670,32,14,7,2,0
336,32,14,3,3,0
1930,32,14,2, ,0
128,32,14,4,1,0
2112,32,14,4, ,0
142,32,14,5, ,0
2456,32,14,4, ,0
2794,19,12,7, ,1
2783,19,12, ,2,1
2170,19,12,4,3,1
2162,19,12,4,1,1
2159,19,12,6, ,1
2350,19,12,5,2,1
913,19,12,4, ,1
276,19,12,2,2,1
2097,38,18,6, ,0
1650,38,18,3,2,0
383,38,18,4, ,0
2194,38,18,5, ,0
1507,56,12,2,2,1
360,56,12,3,2,1
1252,56,12,5,3,1
2064,56,12,1,4,1
446,56,12,5, ,1
828,56,12,4,2,1
1187,24,12,2,4,0
2294,24,12,6,2,0
319,24,12,5,2,0
1838,24,12,4,2,0
2475,24,12,4, ,0
1210,24,12,1, ,0
907,24,12,6,2,0
2163,24,12,2,3,0
2420,24,12,6,2,0
1697,24,12,4,2,0
2889,24,12,4,1,0
1204,58,12,4, ,1
1340,58,12, , ,1
2628,58,12,4, ,1
2768,58,12,6,3,1
1735,58,12,5, ,1
1841,58,12,6,1,1
70,80,12,6, ,1
2036,80,12,7,1,1
1832,80,12,4, ,1
1268,80,12,4,3,1
846,80,12,4,2,1
2033,22,12,4, ,1
1332,22,12,2, ,1
284,22,12,6,3,1
2792,22,12,5, ,1
596,22,12,6,4,1
2742,22,12,4,4,1
2514,22,12,4,2,1
927,22,12, , ,1
1787,81,12,6,2,1
268,81,12,4,2,1
1767,81,12,4,1,1
518,81,12,3,2,1
2296,81,12,4,2,1
2547,39,12,2,2,0
982,39,12,5,2,0
61,39,12,2,2,0
2469,39,12,4,2,0
654,39,12,5, ,0
1266,39,12,3,2,0
1707,39,12,4, ,0
1328,39,12,2,1,0
1455,39,12,3, ,0
2336,39,12,6, ,0
2222,53,16,5, ,1
15,53,16,2,2,1
535,53,16,5, ,1
2500,53,16,5,1,1
1051,65,12,4, ,0
2256,65,12,6,2,0
2835,65,12,5, ,0
1856,65,12,5, ,0
989,65,12,5,3,0
1110,65,12,7, ,0
1355,35,15,3,1,1
2284,35,15,5,4,1
2237,35,15,2, ,1
806,35,15,4,2,1
771,32,14,3,2,1
198,32,14,4,2,1
176,32,14,4,2,1
1905,32,14,5,2,1
1638,32,14,4, ,1
257,32,14,6,3,1
2055,49,13,7,2,0
1563,49,13,4,1,0
2399,49,13,3,2,0
2299,49,13,4,1,0
1447,49,13,5,3,0
2737,49,13,4,2,0
213,47,16,3, ,0
745,47,16,5,2,0
185,47,16,4,3,0
231,47,16,6,2,0
2457,47,16,6,1,0
196,47,16,3, ,0
1535,63,12,7,2,1
2421,63,12,7,2,1
1483,63,12,2,3,1
2240,63,12, , ,1
189,63,12,4,2,1
1530,63,12,4,1,1
2607,61,16,4,2,0
92,61,16,4,2,0
836,61,16,5, ,0
277,61,16,2,2,0
978,29,16,2,3,1
26,29,16,3, ,1
2438,29,16,4, ,1
83,29,16,4,2,1
326,29,16,3,3,1
528,49,16,1,3,0
893,49,16,4, ,0
1050,49,16,5,1,0
1176,49,16,4, ,0
65,49,16,4, ,0
371,49,16,1, ,0
1710,37,14,3,2,1
1903,37,14,3, ,1
151,37,14,4, ,1
470,37,14,4, ,1
1372,37,14,4, ,1
2580,37,14,6,2,1
864,49,16,6,1,1
1937,49,16,6,4,1
260,49,16,3,4,1
271,49,16,6,2,1
1429,49,16,2,4,1
656,49,16,3,3,1
608,49,16,5, ,1
2106,49,16,5, ,1
1671,49,16,3,1,1
2836,42,12,2,2,1
2901,42,12,6,1,1
1689,42,12,4,1,1
1013,42,12,5, ,1
50,42,12,5,3,1
1025,44,14,3, ,1
998,44,14,4,3,1
1128,44,14,5,2,1
2646,44,14,7,2,1
829,50,12,4,2,1
1641,50,12,2,3,1
2613,50,12,4,2,1
1879,50,12,4, ,1
134,50,12,4, ,1
2784,50,12,4,2,1
1436,50,12,4,2,1
2877,36,13,3, ,1
2090,36,13,3,3,1
1068,36,13,3, ,1
303,36,13,2,2,1
1635,36,13,4,2,1
1313,36,13,4,3,1
258,36,13,5,2,1
2281,51,12,5, ,1
1129,51,12,5, ,1
1814,51,12,3,2,1
808,51,12,2,2,1
837,51,12,4,2,1
2679,51,12,5,2,1
206,51,12,5, ,1
191,49,17,2, ,1
1521,49,17,4, ,1
540,49,17,6,2,1
38,49,17,2,1,1
447,42,14,5,1,1
2451,42,14,5, ,1
792,42,14,2,2,1
259,42,14,6,1,1
1983,52,12,5, ,1
1815,52,12,2, ,1
279,52,12,4,1,1
1721,52,12,5,4,1
1092,52,12,4, ,1
2887,52,12,4,2,1
1885,52,12,7, ,1
634,71,12,6,2,1
2598,71,12,5,1,1
2544,71,12,3, ,1
1095,71,12,4,2,1
2326,71,12,4,3,1
483,71,12,1,2,1
1093,41,14,6,2,1
234,41,14,2,1,1
1607,41,14,4,2,1
2187,41,14,4,2,1
2771,23,13,5,4,1
2573,23,13,6, ,1
880,23,13,2,2,1
245,23,13,6,3,1
1827,23,13,4,3,1
441,23,13,3, ,1
881,23,13,2,3,1
2584,23,13,4, ,1
1771,38,18,5,2,1
466,38,18,2, ,1
1175,38,18,6,2,1
2642,38,18,5,1,1
718,25,17,4,4,1
2031,25,17,3,2,1
369,25,17,5,2,1
895,25,17,4,4,1
1202,25,17,3,2,1
183,47,20,2,3,1
55,47,20,6,2,1
2098,47,20,3, ,1
936,29,12,4, ,1
2117,29,12,6, ,1
2100,29,12,5,2,1
1241,29,12,5,1,1
1902,29,12,4,1,1
2640,29,12,4, ,1
1706,29,12,5, ,1
84,29,12,4,1,1
590,29,12,4, ,1
1805,30,13,6, ,1
146,30,13,2,2,1
2751,30,13,4,1,1
930,30,13, , ,1
1685,30,13,4, ,1
1240,30,13,5,2,1
1113,30,13,2, ,1
820,30,13,6,2,1
2045,29,16,6, ,0
407,29,16,3,3,0
2883,29,16,4,3,0
765,29,16,4,2,0
1640,29,16,2,2,0
1646,29,16,6,2,0
1950,29,16,5,1,0
578,29,16,3, ,0
994,49,13,6,1,1
1220,49,13,4,2,1
204,49,13,4,3,1
969,49,13,4, ,1
2283,62,12,4,2,1
506,62,12,6,2,1
2891,62,12,4,1,1
2609,62,12,5, ,1
1190,62,12,4,1,1
1877,62,12,4, ,1
1378,62,12,6,1,1
980,23,16,2,4,1
1962,23,16,2,4,1
1046,23,16,2,4,1
2219,23,16,3,3,1
93,23,16,4,2,1
2188,23,16,2,1,1
1463,33,14,4,2,1
2249,33,14,5, ,1
1911,33,14,4,1,1
1126,33,14,4, ,1
304,34,12, , ,1
1747,34,12,2,1,1
2644,34,12,4, ,1
1186,34,12,7, ,1
1979,34,12,4,4,1
2760,34,12,4, ,1
1307,34,12,4,3,1
2772,34,12,4,1,1
353,34,12,6,1,1
2193,51,16,5, ,1
580,51,16,2,3,1
280,51,16,3, ,1
252,51,16,2, ,1
699,51,16,2,2,1
325,55,20,4,1,1
673,55,20,6,2,1
1897,30,16,4,1,1
1779,30,16,4,3,1
1377,30,16,3,4,1
1668,30,16,3, ,1
2790,30,16,6,2,1
1769,30,16,2,1,1
1170,57,12,4, ,1
523,57,12,4,2,1
1172,57,12,4,2,1
1898,57,12,4, ,1
735,41,16,7,3,0
655,41,16,6, ,0
2114,41,16, ,3,0
784,41,16,6, ,0
1906,27,12,4,2,1
2432,27,12,2,1,1
1052,27,12,4,2,1
996,27,12,3, ,1
2709,27,12,4,3,1
2199,27,12,4,2,1
1101,27,12,2, ,1
504,27,12,3, ,1
2309,27,12,4,2,1
2278,27,12, ,2,1
1481,72,12,4, ,1
332,72,12,4,2,1
1081,72,12,4,1,1
2277,72,12,3,3,1
1654,72,12,6,3,1
2522,72,12, , ,1
2306,72,12,6,2,1
1029,39,16,3,2,0
2129,39,16,6,2,0
744,39,16,4,1,0
1943,39,16,5,1,0
953,20,12,4,2,0
892,20,12,4,4,0
1836,20,12,5,1,0
2184,20,12, ,2,0
2405,20,12,5, ,0
2132,20,12,4,1,0
1209,20,12,6,2,0
2649,31,12,5, ,1
944,31,12,4, ,1
2512,31,12,6,2,1
80,31,12,4,3,1
439,31,12,4,2,1
1295,31,12,6,2,1
1348,31,12,4,3,1
993,31,12,2,2,1
1617,31,12,4, ,1
2638,31,12,5,1,1
959,63,12,4,2,0
1048,63,12,2,2,0
1754,63,12,4,2,0
2725,63,12,4, ,0
1400,63,12,5, ,0
327,62,12,6, ,0
2896,62,12,1, ,0
1438,62,12,2, ,0
1817,62,12,4, ,0
212,62,12,6,2,0
2417,77,12,7, ,1
2325,77,12,6,2,1
1153,77,12,6, ,1
2825,77,12,6,3,1
2850,77,12,5, ,1
1141,77,12,4,1,1
2849,77,12,4,3,1
2253,48,18,3, ,0
2515,48,18,6,2,0
937,48,18,6,2,0
27,38,20,3,3,1
2164,38,20,2,3,1
2348,38,20,2,2,1
543,38,20,4,3,1
1467,26,16,4,2,1
2729,26,16,4, ,1
1538,26,16,5, ,1
1041,26,16,4,2,1
46,26,16,4,3,1
2361,26,16,3,2,1
2666,26,16,3,1,1
2529,56,12,6,1,0
2401,56,12,5,1,0
2782,56,12,4,3,0
1496,56,12,4,2,0
1921,56,12,6, ,0
1828,66,18,6,2,1
1224,66,18,4,1,1
1391,41,15,7,1,1
1003,41,15,3,4,1
1984,41,15,4, ,1
1722,70,13,6, ,1
2816,70,13,6,2,1
1082,70,13,4,3,1
1878,45,12, , ,1
862,45,12,4,4,1
1628,45,12,3,2,1
1590,45,12,4,2,1
1096,45,12,2,3,1
2354,45,12,3, ,1
1276,45,12,5,2,1
1850,45,12,4, ,1
1456,45,12,3,4,1
1163,45,12, ,2,1
2213,59,12,4,1,1
2600,59,12,4, ,1
2654,59,12,4, ,1
1213,59,12,4,3,1
1182,59,12,6,1,1
1158,59,12,4, ,1
1427,59,12,3, ,1
1576,59,12,7, ,1
2724,59,12,4,1,1
20,24,12,3,2,1
24,24,12,6,1,1
2453,24,12,4, ,1
1329,24,12,4,2,1
1532,24,12,3,3,1
642,24,12,2, ,1
1598,24,12,4,3,1
772,24,12,5,3,1
931,24,12, ,3,1
2507,24,12,5,3,1
2892,24,12,4,2,1
1149,24,12,3,2,1
2344,23,16,3,4,0
603,23,16,6, ,0
1474,23,16,5,2,0
2362,23,16,2,2,0
1309,49,12,4, ,0
1203,49,12,3, ,0
2648,49,12,4, ,0
171,49,12,4,1,0
2811,49,12,2, ,0
2636,36,15,3,4,1
724,36,15,3, ,1
292,36,15, , ,1
1403,33,13,6,2,0
2452,33,13,4, ,0
136,33,13,5, ,0
817,33,13,4,3,0
2604,33,13,6, ,0
1567,49,14,5,2,0
995,49,14,5,3,0
2295,49,14,6,3,0
1709,49,14,4,2,0
1660,58,16,3,4,0
648,58,16,6, ,0
831,58,16,5, ,0
2433,25,16,5,1,1
1500,25,16,2,1,1
333,25,16,4, ,1
2435,25,16,2,2,1
1425,25,16,5,2,1
34,25,16,2,3,1
2431,25,16,3, ,1
1645,25,16,4,3,1
1211,44,12,4, ,1
843,44,12,6,2,1
1106,44,12,3,3,1
665,44,12,5,2,1
2837,44,12,4,2,1
2265,44,12,2, ,1
1606,44,12,4, ,1
2186,44,12,4, ,1
362,44,12,2, ,1
2496,44,12,4,3,1
2366,44,12,4,4,1
2589,35,12,6,1,1
2443,35,12,6,2,1
2473,35,12,4, ,1
557,35,12,4,1,1
1026,35,12,4, ,1
1857,35,12,3,2,1
2694,35,12,2,1,1
2480,35,12,4,4,1
472,35,12,6,3,1
662,35,12,5, ,1
1679,35,12,4,2,1
2235,35,12,4,2,1
1849,45,16,5, ,1
954,45,16,5, ,1
990,45,16,4,2,1
224,45,16,2,2,1
1354,45,16,4, ,1
1594,45,16,3,3,1
13,45,16,2, ,1
2516,49,12,6,1,1
2617,49,12,4, ,1
1028,49,12,4,2,1
411,49,12,5,2,1
273,49,12,4, ,1
1318,49,12,3, ,1
2740,49,12,6,2,1
2591,49,12,2, ,1
1105,49,12,4,3,1
2499,49,12, ,1,1
2879,49,12,5, ,1
1451,35,16,2,4,1
710,35,16,4,3,1
1776,35,16,4, ,1
405,35,16,3,1,1
545,35,16,3, ,1
66,35,16,4,2,1
2096,35,16, , ,1
727,35,16,6,2,1
457,32,16,4, ,1
375,32,16,2,4,1
1739,32,16,6,1,1
631,32,16,2,1,1
942,32,16,4,2,1
1282,32,16,5,2,1
1316,32,16,5,1,1
532,32,16,5, ,1
2009,43,12,5, ,1
2139,43,12,6,2,1
2595,43,12,2,1,1
2637,43,12,4,1,1
1499,43,12,2,2,1
2060,43,12,1,3,1
1770,43,12,4,1,1
2527,43,12,6,2,1
2411,43,12,4,2,1
2461,43,12,4, ,1
2554,43,12,6,2,1
2552,43,12, , ,1
350,31,14,4,1,0
1947,31,14,6, ,0
1156,31,14,5,2,0
390,31,14,4, ,0
2356,27,16,2,2,1
2226,27,16,2,4,1
30,27,16,5, ,1
378,27,16,5,2,1
2029,27,16,3,3,1
1876,27,16,5,2,1
926,27,16, , ,1
853,27,16,3,2,1
2005,27,16,4, ,1
739,53,15,6, ,0
738,53,15,5,2,0
1774,53,15,6,1,0
2557,33,18,5,2,1
373,33,18,3,3,1
263,61,16,5, ,1
1515,61,16,6,2,1
955,37,16,5,2,0
2440,37,16,4,2,0
89,37,16,6,2,0
1449,45,20,3,3,0
2829,45,20,4, ,0
2018,89,14, ,2,1
2481,89,14,6,3,1
716,51,12,2,2,0
2037,51,12,2,2,0
53,51,12,4,2,0
1786,51,12,4, ,0
795,47,12,6,2,1
1493,47,12,4, ,1
2641,47,12,2,1,1
434,47,12,4,2,1
2795,47,12,3, ,1
1074,47,12, ,1,1
1674,47,12,6,2,1
1221,47,12,5,1,1
2619,47,12,4, ,1
1049,47,12,6,2,1
1373,47,12,4, ,1
629,47,12,4,3,1
2493,47,12,4,3,1
40,37,16,2,2,1
382,37,16, , ,1
624,37,16,5,1,1
217,37,16,1,4,1
1047,37,16,2,4,1
2822,37,16,6,2,1
971,37,16,4,2,1
2347,37,16,5,3,1
1218,37,16,4,4,1
2218,18,11,5,2,1
91,18,11,3,3,1
2810,18,11,4, ,1
2813,18,11,6,2,1
1086,45,12,3,3,0
364,45,12,4,2,0
2403,45,12,4, ,0
2069,45,12,4,2,0
2410,28,16,6,1,0
2128,28,16,5,2,0
1784,28,16,5, ,0
714,29,13,6,1,0
1961,29,13,6, ,0
1077,29,13,4,4,0
1486,29,13,4,2,0
1151,78,14,2,4,1
1698,78,14,2,2,1
1985,60,12,4, ,1
1024,60,12, ,1,1
2050,60,12,4,2,1
1887,60,12,4, ,1
1608,60,12,3,1,1
269,60,12,7, ,1
832,60,12,4,1,1
2749,60,12,4,1,1
1727,60,12,4,2,1
81,42,12, , ,0
1848,42,12,6,2,0
1262,42,12,6,1,0
1189,42,12,6,2,0
342,42,12,1,3,0
1855,42,12,4, ,0
1498,42,12,4,3,0
1673,42,12,2,2,0
513,42,12,3,4,0
512,42,12,6,1,0
2840,42,12,5,3,0
753,42,12,5,2,0
891,42,12, ,2,0
987,42,12,5,2,0
2758,37,12,3,4,0
1516,37,12,4, ,0
209,37,12,6,2,0
949,37,12, ,2,0
2221,37,12,4,2,0
2685,37,12,4, ,0
1605,37,12,4,2,0
1731,37,12,6,1,0
1751,37,12,7, ,0
338,37,12,4,4,0
1222,37,12,4, ,0
2079,37,12, , ,0
1597,37,12,5,1,0
58,37,12,3,1,0
2873,38,19,2, ,0
1369,38,19,3,2,0
192,75,16,4,1,0
1657,75,16,4,3,0
1137,50,16,2,2,0
396,50,16,5,3,0
746,50,16,5,4,0
1531,50,16,7, ,0
2625,50,16,3, ,0
758,50,16,5,2,0
1011,50,16,6, ,0
366,50,16,5,2,0
1772,48,16,6,1,0
645,48,16,4,3,0
1622,48,16,3, ,0
2834,48,16,4, ,0
322,48,16,5,2,0
742,48,16,6, ,0
1934,48,16,6, ,0
426,48,16,4,3,0
2155,46,12, ,2,1
2712,46,12,4,1,1
737,46,12,6, ,1
1881,46,12,4,1,1
1940,46,12,4, ,1
859,46,12,4, ,1
915,46,12,6,2,1
2282,46,12,2, ,1
1180,46,12,4,2,1
1371,32,15, , ,1
2181,32,15,5,2,1
2003,41,12,4,1,1
1100,41,12,6,2,1
1257,41,12,4,1,1
334,41,12,4, ,1
1084,41,12,4,3,1
2274,41,12,2,1,1
132,41,12,5,2,1
536,41,12,4,4,1
1928,41,12,3,3,1
2739,39,17,6,1,0
1900,39,17,6,2,0
835,39,16,6, ,1
1174,39,16,5,2,1
397,39,16,4,1,1
2719,39,16,4, ,1
1853,39,16,6,2,1
728,39,16,6,1,1
1392,24,15,3,3,1
1958,24,15,5,3,1
2857,56,15,3,2,0
2700,56,15,5,2,0
2204,42,13,6,3,1
600,42,13,6,1,1
28,27,17,5, ,0
1039,27,17, ,3,0
2727,38,16,6,1,0
2346,38,16,4,3,0
2220,47,15,7,3,0
1813,47,15,6,2,0
2145,40,12,3,2,0
1864,40,12,2,2,0
2025,40,12,1, ,0
2124,40,12,7, ,0
2223,40,12,4,2,0
760,40,12,5,3,0
564,40,12,3,2,0
823,40,12,6,1,0
2902,40,12,6,3,0
1448,40,12,6,3,0
1404,40,12,4,4,0
2601,20,12,4,2,1
1872,20,12,6,2,1
1322,20,12,4,3,1
2342,20,12,4, ,1
1107,20,12,5,2,1
1609,20,12,7, ,1
305,20,12,5,2,1
2660,20,12,7,3,1
1976,20,12,4, ,1
487,63,10,4, ,1
2622,63,10,3,1,1
1397,45,14,5,1,0
1215,45,14,6,1,0
1414,32,13,4,2,1
2704,32,13,4,3,1
1242,32,13,6,1,1
110,32,13, ,2,1
2626,32,13,5,1,1
298,32,13,4, ,1
1476,32,13,5,2,1
2307,67,12,4,2,1
2338,67,12,4, ,1
1974,67,12,6,1,1
2754,67,12,2,2,1
2488,67,12,4, ,1
2563,67,12,4,1,1
2484,37,17,4,1,0
458,37,17,4,2,0
1407,37,17,6,2,0
2258,37,17,7,2,0
1996,37,17,3,3,0
1743,37,17,3,3,0
1741,57,12,2, ,0
2497,57,12,5,2,0
1412,72,8,4,3,1
299,72,8,4,1,1
2645,40,12,3,1,1
1696,40,12,4,2,1
1385,40,12,4,4,1
511,40,12,3,1,1
2574,40,12, ,1,1
1431,40,12,4, ,1
2747,40,12,3, ,1
1926,33,16,4, ,1
854,33,16,4,2,1
615,33,16,6,3,1
147,33,16,3,2,1
1352,33,16,4,1,1
2367,54,8, ,2,1
2154,54,8,6,2,1
623,50,20,4,3,1
2407,78,18,6, ,1
1363,59,16,4,2,0
2647,59,16,4,1,0
2635,59,16,4,1,0
87,59,16,4,3,0
678,59,16,6,1,0
790,33,11,7, ,0
646,33,11,5, ,0
414,44,10,2,2,0
437,44,10,4,3,0
1665,60,18,5,2,1
547,56,18,5,2,1
972,65,17,7,2,1
573,63,20,4, ,0
2538,74,4,6,1,1
1501,74,4,1, ,1
595,30,19,3, ,1
1417,58,20,5,3,0
671,43,16,6,2,0
339,43,16,2, ,0
424,43,16,6,3,0
1833,43,16,4,2,0
190,43,16,4,3,0
1238,69,16,7,1,1
2270,66,16,6,2,1
2655,34,9,4,1,0
2621,34,9,4, ,0
1361,62,19,3,3,0
1274,59,16,3, ,1
612,58,16,2,1,1
736,57,16,4,3,1
90,34,20,3,3,0
2819,30,17,6, ,1
2268,54,18,6,2,0
2396,67,14,6,1,1
1852,47,15,4,2,1
1009,55,17,6,1,0
1298,54,14,4, ,1
1604,42,17,5, ,0
719,28,12,4, ,1
2853,28,12,5,2,1
1583,28,12,5, ,1
1599,28,12,4, ,1
2395,28,12,4,2,1
1465,46,16,4, ,0
570,46,16,2,2,0
473,46,16,4,2,0
1143,46,16,4,4,0
675,39,12,6,2,1
380,39,12,6, ,1
2466,39,12,6,3,1
558,39,12,2,2,1
720,39,12,4,3,1
2667,39,12,6,2,1
44,39,12,4, ,1
1125,39,12,4, ,1
2733,39,12,5,1,1
2842,39,12,4, ,1
2209,49,15,5,4,0
459,63,11,4,3,1
1317,21,13,6,1,1
251,64,10,6,1,1
2841,55,9,6,1,1
2681,64,8,4, ,1
1686,59,11,5,1,0
117,35,9,4,2,1
2176,72,9,4,2,0
2697,26,9,4, ,1
1342,46,10,7,2,0
1700,70,7,3, ,0
1551,73,10,2,1,1
349,73,10,4,2,1
2510,73,10, , ,1
974,37,18,6,3,1
1842,37,18,4, ,1
1562,70,12,5, ,1
2871,70,12,5,1,1
1527,70,12,6, ,1
1991,70,12,7,3,1
1517,70,12,4,2,1
1422,70,12,2,4,1
1867,70,12, , ,1
2376,70,12,5,4,1
105,24, , ,2,0
254,52, , , ,1
2576,77, , , ,1
456, , ,7, ,1
1977, ,14,4,2,1
1540,44, ,5,1,1
69, ,12,4,1,1
1865, ,9,3,3,1
1117, ,14,4,4,1
810,70, ,4, ,1
1503,33, , ,3,0
1478,30, ,4,2,1
1763,25, ,4,2,1
584, ,14,4, ,1
